"2008_003193.jpg","2009_000488.jpg","2008_000093.jpg","2010_004778.jpg","2010_001682.jpg","2010_002183.jpg","2009_002306.jpg","2009_003338.jpg","2009_000760.jpg","2011_002482.jpg","2009_003802.jpg","2010_001939.jpg","2008_002864.jpg","2010_003724.jpg","2008_004991.jpg","2008_000916.jpg","2010_001856.jpg","2010_005270.jpg","2008_002084.jpg","2010_004423.jpg","2009_000067.jpg","2008_002773.jpg","2009_004414.jpg","2009_003884.jpg","2009_000021.jpg","2008_004690.jpg","2011_002971.jpg","2009_000120.jpg","2008_002758.jpg","2008_000541.jpg","2008_008229.jpg","2008_007970.jpg","2010_005894.jpg","2008_000274.jpg","2008_006062.jpg","2009_002571.jpg","2008_005878.jpg","2010_005996.jpg","2008_000704.jpg","2010_000074.jpg","2011_001605.jpg","2008_007057.jpg","2009_005133.jpg","2010_003419.jpg","2008_001210.jpg","2008_003755.jpg","2009_000466.jpg","2010_002742.jpg","2008_007091.jpg","2008_007629.jpg","2008_002709.jpg","2008_004487.jpg","2008_000495.jpg","2009_002001.jpg","2008_002037.jpg","2010_006033.jpg","2008_004661.jpg","2009_002750.jpg","2009_004794.jpg","2008_002350.jpg"
"2008_006998.jpg","2010_005217.jpg","2010_004145.jpg","2010_001159.jpg","2008_000734.jpg","2010_006023.jpg","2008_007096.jpg","2010_001993.jpg","2008_002062.jpg","2011_001834.jpg","2009_001774.jpg","2011_000070.jpg","2008_001221.jpg","2009_004888.jpg","2008_005903.jpg","2009_002137.jpg","2008_003709.jpg","2011_002558.jpg","2008_000151.jpg","2010_003101.jpg","2009_000619.jpg","2011_002582.jpg","2009_000523.jpg","2010_000229.jpg","2008_001708.jpg","2010_002379.jpg","2010_001451.jpg","2009_002594.jpg","2011_001005.jpg","2010_004223.jpg","2008_008083.jpg","2010_003280.jpg","2009_003679.jpg","2010_003287.jpg","2009_005075.jpg","2009_002697.jpg","2009_004737.jpg","2011_000481.jpg","2009_001894.jpg","2008_000740.jpg","2009_001305.jpg","2010_004231.jpg","2010_002498.jpg","2009_002803.jpg","2008_004893.jpg","2008_002700.jpg","2009_004598.jpg","2008_003170.jpg","2010_001036.jpg","2009_001137.jpg","2008_002504.jpg","2009_005044.jpg","2011_002453.jpg","2009_004984.jpg","2008_006564.jpg","2008_002704.jpg","2008_000219.jpg","2008_004269.jpg","2009_000919.jpg","2008_005214.jpg"
"2008_000940.jpg","2011_001624.jpg","2009_005008.jpg","2011_000293.jpg","2011_001656.jpg","2009_001975.jpg","2009_001568.jpg","2010_000109.jpg","2008_000501.jpg","2010_004662.jpg","2008_002116.jpg","2008_000972.jpg","2008_005345.jpg","2008_005978.jpg","2011_002303.jpg","2008_003369.jpg","2008_001205.jpg","2008_008395.jpg","2008_002145.jpg","2010_000805.jpg","2010_004175.jpg","2010_001731.jpg","2009_001470.jpg","2008_004624.jpg","2010_001829.jpg","2008_000123.jpg","2009_004594.jpg","2010_003890.jpg","2008_007704.jpg","2008_001040.jpg","2008_004907.jpg","2011_001198.jpg","2008_007274.jpg","2008_001479.jpg","2008_005735.jpg","2008_000634.jpg","2010_003746.jpg","2010_000426.jpg","2008_006072.jpg","2008_000115.jpg","2008_000912.jpg","2009_000087.jpg","2008_005728.jpg","2009_003309.jpg","2008_003876.jpg","2008_005046.jpg","2011_002911.jpg","2009_002711.jpg","2008_006784.jpg","2009_003530.jpg","2008_008263.jpg","2009_000260.jpg","2010_003329.jpg","2010_004014.jpg","2009_005036.jpg","2011_003145.jpg","2010_004425.jpg","2008_000177.jpg","2008_000163.jpg","2010_001988.jpg"
"2008_002897.jpg","2011_001800.jpg","2008_002887.jpg","2008_001451.jpg","2010_002127.jpg","2008_007388.jpg","2008_002736.jpg","2008_002672.jpg","2009_004283.jpg","2011_002509.jpg","2008_007913.jpg","2008_007143.jpg","2010_002278.jpg","2011_001382.jpg","2011_000824.jpg","2011_000530.jpg","2008_006121.jpg","2010_005572.jpg","2011_001139.jpg","2008_000833.jpg","2008_006863.jpg","2008_008607.jpg","2009_000629.jpg","2010_001118.jpg","2011_002098.jpg","2008_000982.jpg","2011_001991.jpg","2008_006841.jpg","2008_003081.jpg","2008_003701.jpg","2010_002603.jpg","2010_004683.jpg","2011_002814.jpg","2008_000457.jpg","2008_007378.jpg","2008_004646.jpg","2008_003805.jpg","2009_000539.jpg","2008_006870.jpg","2008_002119.jpg","2008_000984.jpg","2008_000488.jpg","2009_003351.jpg","2011_001880.jpg","2011_002641.jpg","2008_001333.jpg","2011_001025.jpg","2010_003579.jpg","2008_006844.jpg","2008_005750.jpg","2010_003729.jpg","2008_000192.jpg","2008_008097.jpg","2008_004188.jpg","2008_000697.jpg","2008_006663.jpg","2008_000705.jpg","2008_003180.jpg","2011_002555.jpg","2008_003461.jpg"
"2008_000183.jpg","2010_000811.jpg","2011_001613.jpg","2010_000132.jpg","2009_003686.jpg","2010_005054.jpg","2008_005673.jpg","2009_003209.jpg","2009_002604.jpg","2010_001271.jpg","2008_002379.jpg","2010_002956.jpg","2010_000299.jpg","2009_004262.jpg","2008_005490.jpg","2009_003084.jpg","2008_000189.jpg","2009_002998.jpg","2010_001691.jpg","2009_004225.jpg","2011_000514.jpg","2008_004036.jpg","2010_000613.jpg","2009_004076.jpg","2008_004412.jpg","2008_004814.jpg","2009_000716.jpg","2008_005869.jpg","2008_000760.jpg","2010_003400.jpg","2008_000398.jpg","2010_005785.jpg","2010_005437.jpg","2008_001098.jpg","2009_001782.jpg","2008_008331.jpg","2008_001367.jpg","2008_000119.jpg","2009_004779.jpg","2010_005101.jpg","2009_003232.jpg","2008_007842.jpg","2011_002241.jpg","2010_002349.jpg","2008_001495.jpg","2011_001959.jpg","2009_005308.jpg","2010_004791.jpg","2008_007048.jpg","2008_003587.jpg","2011_001967.jpg","2009_000189.jpg","2008_002372.jpg","2010_005257.jpg","2008_001694.jpg","2008_000105.jpg","2008_001836.jpg","2010_004339.jpg","2009_003993.jpg","2008_004171.jpg"
"2011_001440.jpg","2008_000619.jpg","2008_005090.jpg","2008_007250.jpg","2011_001221.jpg","2011_000434.jpg","2008_004614.jpg","2011_003066.jpg","2010_001586.jpg","2009_003705.jpg","2009_000058.jpg","2008_005720.jpg","2008_002725.jpg","2008_008500.jpg","2008_004482.jpg","2009_004154.jpg","2008_008681.jpg","2010_000815.jpg","2008_004858.jpg","2011_002810.jpg","2008_000798.jpg","2008_003844.jpg","2009_002897.jpg","2010_000536.jpg","2008_007745.jpg","2008_003575.jpg","2009_000565.jpg","2008_000202.jpg","2011_001116.jpg","2008_005600.jpg","2008_000041.jpg","2008_002774.jpg","2008_004633.jpg","2008_008628.jpg","2010_002775.jpg","2008_002195.jpg","2011_001944.jpg","2010_005606.jpg","2010_000865.jpg","2008_006461.jpg","2008_005702.jpg","2011_001649.jpg","2008_002789.jpg","2010_005170.jpg","2008_005472.jpg","2008_000928.jpg","2011_001001.jpg","2011_000548.jpg","2009_001321.jpg","2008_006216.jpg","2011_001304.jpg","2009_004849.jpg","2011_000628.jpg","2008_000860.jpg","2009_004364.jpg","2008_001576.jpg","2009_005118.jpg","2008_005845.jpg","2008_004670.jpg","2008_000381.jpg"
"2010_005106.jpg","2010_001434.jpg","2010_001645.jpg","2008_007664.jpg","2009_001345.jpg","2010_003943.jpg","2011_000499.jpg","2008_003283.jpg","2010_004447.jpg","2008_001278.jpg","2008_007527.jpg","2009_002414.jpg","2008_008210.jpg","2010_003861.jpg","2010_002702.jpg","2008_007043.jpg","2010_005718.jpg","2010_002620.jpg","2011_002193.jpg","2008_000191.jpg","2008_001862.jpg","2008_008470.jpg","2010_003297.jpg","2011_000631.jpg","2010_002472.jpg","2008_003378.jpg","2008_005526.jpg","2011_001335.jpg","2011_002260.jpg","2008_007423.jpg","2008_000251.jpg","2008_006912.jpg","2009_000198.jpg","2011_000282.jpg","2010_005608.jpg","2008_007108.jpg","2008_000321.jpg","2008_004042.jpg","2008_005818.jpg","2009_001021.jpg","2008_005519.jpg","2010_004763.jpg","2008_001283.jpg","2008_001673.jpg","2008_000414.jpg","2009_000995.jpg","2008_000885.jpg","2008_000270.jpg","2010_005628.jpg","2010_005542.jpg","2010_000792.jpg","2008_001965.jpg","2008_005347.jpg","2008_006481.jpg","2008_003449.jpg","2008_004459.jpg","2009_003520.jpg","2008_000196.jpg","2010_003490.jpg","2008_003635.jpg"
"2010_001908.jpg","2010_005780.jpg","2010_000616.jpg","2008_006954.jpg","2010_002283.jpg","2009_002817.jpg","2009_000059.jpg","2008_006470.jpg","2008_007208.jpg","2009_001723.jpg","2011_000224.jpg","2010_005885.jpg","2011_000661.jpg","2008_003659.jpg","2008_001542.jpg","2009_002325.jpg","2008_008506.jpg","2008_000839.jpg","2008_008359.jpg","2009_002888.jpg","2008_006837.jpg","2008_003045.jpg","2008_004270.jpg","2010_002645.jpg","2008_006452.jpg","2011_002050.jpg","2011_001432.jpg","2009_002749.jpg","2008_001238.jpg","2009_002439.jpg","2009_000169.jpg","2009_002374.jpg","2008_004607.jpg","2011_001611.jpg","2008_002904.jpg","2008_000112.jpg","2008_006703.jpg","2010_000750.jpg","2009_001406.jpg","2011_001591.jpg","2011_003074.jpg","2011_001886.jpg","2008_001546.jpg","2010_005391.jpg","2009_003373.jpg","2010_001907.jpg","2008_000952.jpg","2010_000090.jpg","2008_008533.jpg","2010_002393.jpg","2008_001185.jpg","2008_003767.jpg","2009_004129.jpg","2008_002899.jpg","2010_003453.jpg","2010_004753.jpg","2008_005123.jpg","2009_002521.jpg","2008_001617.jpg","2010_003911.jpg"
"2010_005606.jpg","2009_002306.jpg","2011_000499.jpg","2008_007143.jpg","2009_002750.jpg","2008_001210.jpg","2009_000120.jpg","2009_003520.jpg","2008_001576.jpg","2011_001116.jpg","2009_000760.jpg","2008_007629.jpg","2009_000488.jpg","2009_004794.jpg","2008_003575.jpg","2008_002084.jpg","2009_000565.jpg","2011_001944.jpg","2010_005170.jpg","2008_004482.jpg","2010_000865.jpg","2008_007043.jpg","2010_005608.jpg","2008_001278.jpg","2008_000191.jpg","2008_000885.jpg","2008_002119.jpg","2008_002709.jpg","2008_004487.jpg","2008_005347.jpg","2008_000093.jpg","2008_000705.jpg","2011_001382.jpg","2008_006461.jpg","2010_002183.jpg","2009_002001.jpg","2011_002509.jpg","2011_002260.jpg","2008_003755.jpg","2009_004283.jpg","2009_000058.jpg","2010_000792.jpg","2008_000541.jpg","2008_007913.jpg","2008_007423.jpg","2008_000251.jpg","2008_000414.jpg","2009_002571.jpg","2009_001345.jpg","2008_007388.jpg","2008_003180.jpg","2008_007527.jpg","2010_002742.jpg","2008_000619.jpg","2008_002789.jpg","2008_000321.jpg","2010_005718.jpg","2008_007970.jpg","2009_000198.jpg","2010_003490.jpg"
"2011_001967.jpg","2008_000119.jpg","2011_002582.jpg","2008_006784.jpg","2011_001886.jpg","2009_004262.jpg","2011_000224.jpg","2008_000634.jpg","2008_001479.jpg","2008_005903.jpg","2010_000132.jpg","2008_006452.jpg","2009_004984.jpg","2008_004036.jpg","2008_001040.jpg","2009_003373.jpg","2008_007704.jpg","2009_001406.jpg","2010_003329.jpg","2009_001894.jpg","2008_001495.jpg","2010_005437.jpg","2008_002379.jpg","2008_008083.jpg","2008_002372.jpg","2008_008395.jpg","2011_001611.jpg","2010_000109.jpg","2008_001542.jpg","2010_004231.jpg","2010_002498.jpg","2009_001975.jpg","2008_000501.jpg","2009_001137.jpg","2011_000481.jpg","2008_002700.jpg","2009_002594.jpg","2009_003209.jpg","2008_005345.jpg","2009_005308.jpg","2008_003709.jpg","2010_001271.jpg","2008_005869.jpg","2010_000299.jpg","2010_003101.jpg","2008_005728.jpg","2009_004225.jpg","2008_000163.jpg","2009_002803.jpg","2009_002374.jpg","2009_002521.jpg","2011_002303.jpg","2008_002062.jpg","2008_005978.jpg","2009_000189.jpg","2010_000229.jpg","2008_001221.jpg","2010_001993.jpg","2008_001205.jpg","2010_004753.jpg"
"2008_000740.jpg","2011_000514.jpg","2009_003686.jpg","2010_006023.jpg","2010_005391.jpg","2008_000839.jpg","2009_000523.jpg","2008_001617.jpg","2010_002393.jpg","2009_000059.jpg","2009_002137.jpg","2010_005257.jpg","2008_001546.jpg","2009_001774.jpg","2008_005046.jpg","2009_003232.jpg","2010_001988.jpg","2010_002349.jpg","2009_002711.jpg","2011_002050.jpg","2008_004624.jpg","2011_000293.jpg","2008_000952.jpg","2010_004175.jpg","2009_001723.jpg","2009_001568.jpg","2008_004171.jpg","2008_007208.jpg","2008_000183.jpg","2008_003659.jpg","2009_004129.jpg","2009_003993.jpg","2010_001036.jpg","2009_001470.jpg","2011_000661.jpg","2010_000426.jpg","2010_000616.jpg","2008_002504.jpg","2011_003145.jpg","2008_005214.jpg","2010_005785.jpg","2008_000177.jpg","2010_002379.jpg","2011_001591.jpg","2009_005036.jpg","2010_002645.jpg","2009_002604.jpg","2008_000940.jpg","2009_000260.jpg","2008_006703.jpg","2011_001005.jpg","2010_003400.jpg","2008_001694.jpg","2009_004779.jpg","2009_000087.jpg","2008_003767.jpg","2008_005490.jpg","2009_004594.jpg","2011_001959.jpg","2008_000151.jpg"
"2008_003193.jpg","2010_001939.jpg","2009_000067.jpg","2008_000928.jpg","2009_005118.jpg","2008_008210.jpg","2008_004614.jpg","2008_000697.jpg","2011_000824.jpg","2008_008681.jpg","2008_004459.jpg","2008_004670.jpg","2011_001304.jpg","2010_004447.jpg","2010_005572.jpg","2009_000539.jpg","2008_002774.jpg","2008_005750.jpg","2011_002810.jpg","2009_003351.jpg","2011_001440.jpg","2008_002736.jpg","2008_006062.jpg","2008_007250.jpg","2011_002641.jpg","2008_003635.jpg","2010_001434.jpg","2008_000488.jpg","2009_000995.jpg","2009_000629.jpg","2009_003338.jpg","2008_000192.jpg","2008_006912.jpg","2010_001856.jpg","2008_000202.jpg","2008_002758.jpg","2010_004763.jpg","2010_003861.jpg","2010_001586.jpg","2008_003461.jpg","2008_008097.jpg","2010_002603.jpg","2008_004042.jpg","2008_003805.jpg","2010_000536.jpg","2008_005878.jpg","2010_005106.jpg","2008_000982.jpg","2008_002725.jpg","2011_002098.jpg","2008_003449.jpg","2008_005519.jpg","2010_003579.jpg","2010_005996.jpg","2008_005472.jpg","2010_006033.jpg","2011_002971.jpg","2010_004683.jpg","2010_002278.jpg","2011_001649.jpg"
"2008_007842.jpg","2011_001613.jpg","2010_004014.jpg","2008_000219.jpg","2008_001098.jpg","2008_000189.jpg","2009_002817.jpg","2008_008359.jpg","2009_003309.jpg","2009_004737.jpg","2008_004907.jpg","2008_007274.jpg","2009_005008.jpg","2009_005075.jpg","2010_001691.jpg","2008_003045.jpg","2010_003453.jpg","2010_002283.jpg","2009_004076.jpg","2008_002899.jpg","2010_003287.jpg","2010_004339.jpg","2009_003084.jpg","2008_003369.jpg","2010_001829.jpg","2009_003679.jpg","2008_008533.jpg","2011_002911.jpg","2008_000972.jpg","2010_005217.jpg","2010_004145.jpg","2010_000750.jpg","2008_004270.jpg","2008_004412.jpg","2008_007048.jpg","2008_005123.jpg","2009_002439.jpg","2010_003890.jpg","2008_000734.jpg","2009_000619.jpg","2008_004607.jpg","2008_001185.jpg","2009_002998.jpg","2011_001624.jpg","2011_001834.jpg","2008_000760.jpg","2011_001432.jpg","2008_006837.jpg","2008_003587.jpg","2008_000105.jpg","2008_000123.jpg","2010_001907.jpg","2009_000716.jpg","2009_002888.jpg","2009_002325.jpg","2011_002241.jpg","2010_004223.jpg","2010_004791.jpg","2008_006954.jpg","2010_005054.jpg"
"2008_007378.jpg","2008_002887.jpg","2011_001880.jpg","2011_003066.jpg","2010_001682.jpg","2008_000270.jpg","2008_005720.jpg","2008_003283.jpg","2011_001025.jpg","2008_002864.jpg","2009_004154.jpg","2008_005090.jpg","2008_003378.jpg","2010_003943.jpg","2008_008607.jpg","2008_005702.jpg","2008_006863.jpg","2008_007091.jpg","2009_001321.jpg","2009_003705.jpg","2011_000628.jpg","2008_003701.jpg","2008_001862.jpg","2011_001991.jpg","2010_002702.jpg","2010_000815.jpg","2008_004690.jpg","2010_003297.jpg","2011_001139.jpg","2011_001221.jpg","2008_002195.jpg","2008_005845.jpg","2008_005600.jpg","2008_006121.jpg","2008_006870.jpg","2010_004778.jpg","2011_001800.jpg","2008_000833.jpg","2010_003724.jpg","2010_000074.jpg","2008_001283.jpg","2009_003802.jpg","2008_000860.jpg","2010_005270.jpg","2008_000798.jpg","2011_000631.jpg","2008_000704.jpg","2011_002193.jpg","2008_002037.jpg","2008_004646.jpg","2008_006216.jpg","2009_003884.jpg","2008_003844.jpg","2009_001021.jpg","2008_002897.jpg","2008_004858.jpg","2009_000021.jpg","2008_001333.jpg","2008_005526.jpg","2011_000548.jpg"
"2010_003729.jpg","2010_001118.jpg","2008_006841.jpg","2010_005894.jpg","2008_006481.jpg","2008_007057.jpg","2010_002472.jpg","2008_000196.jpg","2010_004423.jpg","2008_004991.jpg","2011_001335.jpg","2008_008470.jpg","2009_004364.jpg","2010_002127.jpg","2011_001001.jpg","2008_004661.jpg","2008_002672.jpg","2010_003419.jpg","2011_000434.jpg","2008_007745.jpg","2008_000381.jpg","2011_000530.jpg","2008_001673.jpg","2008_000984.jpg","2009_004414.jpg","2009_002414.jpg","2008_006844.jpg","2011_002814.jpg","2008_007108.jpg","2011_001605.jpg","2008_006663.jpg","2009_000466.jpg","2008_008229.jpg","2009_002897.jpg","2008_001965.jpg","2010_001645.jpg","2008_004633.jpg","2008_003081.jpg","2011_002482.jpg","2008_000457.jpg","2008_000041.jpg","2009_005133.jpg","2008_002350.jpg","2009_004849.jpg","2010_002775.jpg","2008_008628.jpg","2008_002773.jpg","2008_004188.jpg","2010_002620.jpg","2011_002555.jpg","2008_000495.jpg","2008_000274.jpg","2008_008500.jpg","2008_001451.jpg","2011_000282.jpg","2008_007664.jpg","2010_005542.jpg","2008_005818.jpg","2010_005628.jpg","2008_000916.jpg"
"2008_001367.jpg","2008_006470.jpg","2008_006564.jpg","2008_006998.jpg","2010_001731.jpg","2010_003746.jpg","2008_004893.jpg","2008_000115.jpg","2008_005673.jpg","2009_002749.jpg","2008_002704.jpg","2011_002558.jpg","2010_000090.jpg","2008_002145.jpg","2008_006072.jpg","2010_001159.jpg","2008_001708.jpg","2010_002956.jpg","2010_004425.jpg","2008_002116.jpg","2009_002697.jpg","2010_001451.jpg","2009_004598.jpg","2009_003530.jpg","2011_000070.jpg","2008_000398.jpg","2010_003911.jpg","2009_001305.jpg","2008_001836.jpg","2010_005780.jpg","2008_008506.jpg","2009_000919.jpg","2010_005101.jpg","2008_004814.jpg","2010_000805.jpg","2008_007096.jpg","2011_001656.jpg","2008_002904.jpg","2008_003170.jpg","2009_000169.jpg","2008_008331.jpg","2011_003074.jpg","2010_000811.jpg","2008_001238.jpg","2010_001908.jpg","2010_000613.jpg","2008_004269.jpg","2008_000912.jpg","2009_001782.jpg","2008_005735.jpg","2010_005885.jpg","2010_004662.jpg","2011_002453.jpg","2009_004888.jpg","2008_003876.jpg","2008_008263.jpg","2010_003280.jpg","2008_000112.jpg","2011_001198.jpg","2009_005044.jpg"
